{
  "wnid_to_idx": {
    "n01440764": 0,
    "n02102040": 1,
    "n02979186": 2,
    "n03000684": 3,
    "n03028079": 4,
    "n03394916": 5,
    "n03417042": 6,
    "n03425413": 7,
    "n03445777": 8,
    "n03888257": 9
  },
  "purity": {
    "n01440764": 1.0,
    "n02102040": 0.9949367088607595,
    "n02979186": 0.9719887955182073,
    "n03000684": 0.9948186528497409,
    "n03028079": 0.9926650366748166,
    "n03394916": 0.9873096446700508,
    "n03417042": 0.9897172236503856,
    "n03425413": 0.9737470167064439,
    "n03445777": 0.9899749373433584,
    "n03888257": 0.9923076923076923
  }
}