{
  "wnid_to_idx": {
    "n02086240": 4,
    "n02087394": 6,
    "n02088364": 3,
    "n02089973": 5,
    "n02093754": 1,
    "n02096294": 0,
    "n02099601": 8,
    "n02105641": 9,
    "n02111889": 2,
    "n02115641": 7
  },
  "purity": {
    "n02086240": 0.9486552567237164,
    "n02087394": 0.9656862745098039,
    "n02088364": 0.9569377990430622,
    "n02089973": 0.8660714285714286,
    "n02093754": 0.9451371571072319,
    "n02096294": 0.9287469287469288,
    "n02099601": 0.940149625935162,
    "n02105641": 0.9881516587677726,
    "n02111889": 0.9836829836829837,
    "n02115641": 0.9560975609756097
  }
}